ev_charge,trsz_x,trsz_y,angspr_x,angspr_y,waist,emitt_x,emitt_y,align_x,align_y,trsz_x_std,trsz_y_std,angspr_x_std,angspr_y_std,waist_std,emitt_x_std,emitt_y_std,align_x_std,align_y_std
25.82281601883983,0.10275454748302076,0.13374572103377064,4.719015069875061,4.427256823287837,3.2696545362140585,2.06609762770186,2.5236992871093507,"[92.8022005294535, 88.2430840118883, 124.9453766656114, 115.6702395228466]","[57.698137626541325, 40.882391856241874, 90.17516567236842, 111.3025811980794]",0.001342776340451562,0.0010066091713159403,0.028325147811722205,0.03039196597507271,0.02300670483524894,0.023910716846386754,0.018113300159544248,"[0.6509290934280785, 0.6215904667202341, 3.644675029301505, 3.339405603469542]","[0.6613058037706254, 0.49397971188075745, 3.595785336655347, 3.1330833632021227]"
