ev_charge,trsz_x,trsz_y,angspr_x,angspr_y,waist,emitt_x,emitt_y,align_x,align_y,trsz_x_std,trsz_y_std,angspr_x_std,angspr_y_std,waist_std,emitt_x_std,emitt_y_std,align_x_std,align_y_std
9.083051824569703,0.08581685943265496,0.1112254387590269,4.399752267062993,4.108325320356134,3.071922249390542,1.6081711839744062,1.9467875975587785,"[87.30407792524619, 80.94336573251732, 135.78334504219168, 161.50970961016793]","[53.304510742406755, 36.145699463037296, 79.93384472844069, 105.93241964150656]",0.0013572408383742524,0.0009974801893346183,0.04663963061308541,0.05119469804526918,0.026837016200828855,0.023806760999954272,0.02178269182099012,"[0.8962637553987336, 0.5813300663323324, 4.97314828065452, 4.390863357497966]","[0.9307890562439092, 0.5438594047321932, 4.7027544162036925, 4.021196105561488]"
