ev_charge,trsz_x_halo,trsz_y_halo,trsz_x_core,trsz_y_core,angspr_x_halo,angspr_y_halo,angspr_x_core,angspr_y_core,waist_halo,waist_core,emitt_x_halo,emitt_y_halo,emitt_x_core,emitt_y_core,μmixt_pow,align_x,align_y,trsz_x_halo_std,trsz_y_halo_std,trsz_x_core_std,trsz_y_core_std,angspr_x_halo_std,angspr_y_halo_std,angspr_x_core_std,angspr_y_core_std,waist_halo_std,waist_core_std,emitt_x_halo_std,emitt_y_halo_std,emitt_x_core_std,emitt_y_core_std,align_x_std,align_y_std,mixt_pow_std
9.055577543698824,0.04813184975959644,0.10401734764055855,0.0975175228772343,0.10717296056731117,6.471212898552154,5.926850477614658,2.2781418172637267,2.2002799859545394,3.075852245069713,2.8481678675351487,1.3186919430380113,2.621637211663672,0.9464934440472321,1.0052195772860573,0.542519284953361,"[99.93831915927223, 98.16436440916463, 131.16313209214323, 171.03348999859628]","[53.72249146184398, 36.629096840696995, 90.16745678839976, 113.07053220419238]",0.00386201156686948,0.0020562532146419276,0.0010788922276312942,0.0014582045919904574,0.06101154969631992,0.056745337559159496,0.051977125579718154,0.04448695397754068,0.02226827876213177,0.02909389279071131,0.10241313900445842,0.04899722859163832,0.021727204162605145,0.022934302238505667,"[0.7798183060396231, 0.5498803830536908, 4.8240897642734115, 3.0384947873557846]","[0.8165368155804046, 0.5330849229382448, 4.079399772724907, 2.794750454212171]",0.008676770006351931
