ev_charge,trsz_x_halo,trsz_y_halo,trsz_x_core,trsz_y_core,angspr_x_halo,angspr_y_halo,angspr_x_core,angspr_y_core,waist_halo,waist_core,emitt_x_halo,emitt_y_halo,emitt_x_core,emitt_y_core,μmixt_pow,align_x,align_y,trsz_x_halo_std,trsz_y_halo_std,trsz_x_core_std,trsz_y_core_std,angspr_x_halo_std,angspr_y_halo_std,angspr_x_core_std,angspr_y_core_std,waist_halo_std,waist_core_std,emitt_x_halo_std,emitt_y_halo_std,emitt_x_core_std,emitt_y_core_std,align_x_std,align_y_std,mixt_pow_std
25.98485633156516,0.08267953889059604,0.12680734828036747,0.1259435008616752,0.13924431079222138,5.9721193809982855,5.598640585351831,2.4097832380759323,2.2591025569480543,3.1924349372255514,2.858929968858487,2.098947189597884,3.0218403485010352,1.2944816219719752,1.3429319404938402,0.6915333010563312,"[105.54606344254937, 105.59352629570395, 133.60285924108882, 124.91844531397301]","[55.398693911069145, 39.80956982173046, 104.33986271347626, 122.66211976198392]",0.002140934486609566,0.001714234726943718,0.0012173498140700875,0.002104993943936277,0.037750938313276965,0.03576987930598756,0.05969700797918582,0.05630656688092405,0.020324914329800912,0.02965809199487953,0.05117254893723515,0.038453412780654395,0.031891572679679056,0.03797405668527454,"[0.5938217656104757, 0.610100200965531, 4.265730946081633, 2.4608218522410317]","[0.6081946416034111, 0.504871058487422, 4.060978761039136, 2.3274896429568774]",0.008360618627482823
