ev_charge,trsz_x_halo,trsz_y_halo,trsz_x_core,trsz_y_core,angspr_x_halo,angspr_y_halo,angspr_x_core,angspr_y_core,waist_halo,waist_core,emitt_x_halo,emitt_y_halo,emitt_x_core,emitt_y_core,μmixt_pow,align_x,align_y,trsz_x_halo_std,trsz_y_halo_std,trsz_x_core_std,trsz_y_core_std,angspr_x_halo_std,angspr_y_halo_std,angspr_x_core_std,angspr_y_core_std,waist_halo_std,waist_core_std,emitt_x_halo_std,emitt_y_halo_std,emitt_x_core_std,emitt_y_core_std,align_x_std,align_y_std,mixt_pow_std
9.09441014950092,0.049039905859198506,0.10435752060050031,0.09766181594078664,0.10732055325915013,6.447364323504389,5.906281623837963,2.271049084524001,2.194221064945969,3.0780971472758205,2.84766649575388,1.3398532907929281,2.6223725416802344,0.9450927920900575,1.0038581261873378,0.5466862188702799,"[100.83349375712712, 99.10001721688266, 131.95414480578583, 170.54023037071363]","[53.670096106688874, 36.40374598768864, 90.65082218696908, 113.83787643439656]",0.003893395176602518,0.0020307881969233777,0.0010847290285277197,0.0014536503662713838,0.05726298975492968,0.052893328480917615,0.05064893334447027,0.04371187003825151,0.022342195480235152,0.02917038834093974,0.10314844816056457,0.04825256543787296,0.02115178471583383,0.022303748066444463,"[0.7795368964320745, 0.5492273563206233, 4.830329337958499, 3.0304504645604164]","[0.8163735349427668, 0.5316052074828285, 4.061562272521675, 2.788000073902329]",0.00775513476040974
